發票年,發票月,縣市代碼,縣市名稱,行業名稱,平均開立張數,平均開立金額,平均客單價
2013,1,A,臺北市,便利商店,49608,3842208,77
2013,1,B,臺中市,便利商店,18185,1949232,107
2013,1,C,基隆市,便利商店,27888,2367080,85
2013,1,D,臺南市,便利商店,18113,2106279,116
2013,1,E,高雄市,便利商店,18934,2004013,106
2013,1,F,新北市,便利商店,34725,3011945,87
2013,1,G,宜蘭縣,便利商店,38005,3600632,95
2013,1,H,桃園市,便利商店,38122,3394945,89
2013,1,I,嘉義市,便利商店,17376,1848450,106
2013,1,J,新竹縣,便利商店,14286,1375991,96
2013,1,K,苗栗縣,便利商店,15167,1588485,105
2013,1,M,南投縣,便利商店,35183,3662997,104
2013,1,N,彰化縣,便利商店,17105,2128863,124
2013,1,O,新竹市,便利商店,39345,3162652,80
2013,1,P,雲林縣,便利商店,38229,3856808,101
2013,1,Q,嘉義縣,便利商店,41599,3899228,94
2013,1,T,屏東縣,便利商店,18282,2361163,129
2013,1,U,花蓮縣,便利商店,53262,5106425,96
2013,1,V,臺東縣,便利商店,50059,5040558,101
2013,1,X,澎湖縣,便利商店,56458,8310320,147
2013,2,A,臺北市,便利商店,42133,3425760,81
2013,2,B,臺中市,便利商店,16687,1950967,117
2013,2,C,基隆市,便利商店,25922,2509572,97
2013,2,D,臺南市,便利商店,16804,2098419,125
2013,2,E,高雄市,便利商店,17483,1972565,113
2013,2,F,新北市,便利商店,31618,2988593,95
2013,2,G,宜蘭縣,便利商店,38874,4045360,104
2013,2,H,桃園市,便利商店,34012,3323908,98
2013,2,I,嘉義市,便利商店,17316,1964984,113
2013,2,J,新竹縣,便利商店,13316,1403460,105
2013,2,K,苗栗縣,便利商店,14464,1684134,116
2013,2,M,南投縣,便利商店,38835,4462731,115
2013,2,N,彰化縣,便利商店,16600,2248212,135
2013,2,O,新竹市,便利商店,33293,2906043,87
2013,2,P,雲林縣,便利商店,39254,4392493,112
2013,2,Q,嘉義縣,便利商店,43126,4554483,106
2013,2,T,屏東縣,便利商店,18872,2537287,134
2013,2,U,花蓮縣,便利商店,55870,5997124,107
2013,2,V,臺東縣,便利商店,57138,6405096,112
2013,2,X,澎湖縣,便利商店,56157,8510147,152
2013,3,A,臺北市,便利商店,52235,3874343,74
2013,3,B,臺中市,便利商店,19479,2012323,103
2013,3,C,基隆市,便利商店,30015,2433090,81
2013,3,D,臺南市,便利商店,19463,2108863,108
2013,3,E,高雄市,便利商店,20072,2022874,101
2013,3,F,新北市,便利商店,36882,3092861,84
2013,3,G,宜蘭縣,便利商店,40752,3714585,91
2013,3,H,桃園市,便利商店,40333,3457890,86
2013,3,I,嘉義市,便利商店,19260,1980139,103
2013,3,J,新竹縣,便利商店,15736,1458391,93
2013,3,K,苗栗縣,便利商店,16427,1631632,99
2013,3,M,南投縣,便利商店,37093,3748097,101
2013,3,N,彰化縣,便利商店,18290,2185886,120
2013,3,O,新竹市,便利商店,41944,3258230,78
2013,3,P,雲林縣,便利商店,41077,4045545,98
2013,3,Q,嘉義縣,便利商店,45276,4113910,91
2013,3,T,屏東縣,便利商店,20225,2493399,123
2013,3,U,花蓮縣,便利商店,60718,5621607,93
2013,3,V,臺東縣,便利商店,51666,5085038,98
2013,3,X,澎湖縣,便利商店,60944,8078766,133
2013,4,A,臺北市,便利商店,49761,3829035,77
2013,4,B,臺中市,便利商店,18434,1928536,105
2013,4,C,基隆市,便利商店,29387,2445174,83
2013,4,D,臺南市,便利商店,18687,2073693,111
2013,4,E,高雄市,便利商店,19267,1969018,102
2013,4,F,新北市,便利商店,35361,3056293,86
2013,4,G,宜蘭縣,便利商店,40009,3761015,94
2013,4,H,桃園市,便利商店,38716,3418881,88
2013,4,I,嘉義市,便利商店,18404,1908597,104
2013,4,J,新竹縣,便利商店,14359,1350229,94
2013,4,K,苗栗縣,便利商店,15672,1570543,100
2013,4,M,南投縣,便利商店,35643,3782793,106
2013,4,N,彰化縣,便利商店,17318,2125932,123
2013,4,O,新竹市,便利商店,40104,3207023,80
2013,4,P,雲林縣,便利商店,41190,4189179,102
2013,4,Q,嘉義縣,便利商店,43374,4056687,94
2013,4,T,屏東縣,便利商店,19796,2437703,123
2013,4,U,花蓮縣,便利商店,58068,5635593,97
2013,4,V,臺東縣,便利商店,50758,5148231,101
2013,4,X,澎湖縣,便利商店,60766,8070632,133
2013,5,A,臺北市,便利商店,56042,4177946,75
2013,5,B,臺中市,便利商店,20878,2089542,100
2013,5,C,基隆市,便利商店,32655,2600918,80
2013,5,D,臺南市,便利商店,20649,2235723,108
2013,5,E,高雄市,便利商店,21269,2119882,100
2013,5,F,新北市,便利商店,39703,3282976,83
2013,5,G,宜蘭縣,便利商店,41790,3826613,92
2013,5,H,桃園市,便利商店,43693,3695391,85
2013,5,I,嘉義市,便利商店,20275,2040099,101
2013,5,J,新竹縣,便利商店,16668,1504772,90
2013,5,K,苗栗縣,便利商店,17634,1683871,95
2013,5,M,南投縣,便利商店,38587,3905623,101
2013,5,N,彰化縣,便利商店,19221,2218223,115
2013,5,O,新竹市,便利商店,45000,3424283,76
2013,5,P,雲林縣,便利商店,44154,4246880,96
2013,5,Q,嘉義縣,便利商店,45872,4051554,88
2013,5,T,屏東縣,便利商店,20883,2495644,120
2013,5,U,花蓮縣,便利商店,62371,5826699,93
2013,5,V,臺東縣,便利商店,52911,5142164,97
2013,5,X,澎湖縣,便利商店,71262,9017095,127
2013,6,A,臺北市,便利商店,56593,4156338,73
2013,6,B,臺中市,便利商店,21227,2083896,98
2013,6,C,基隆市,便利商店,34067,2653148,78
2013,6,D,臺南市,便利商店,20894,2208437,106
2013,6,E,高雄市,便利商店,21263,2063336,97
2013,6,F,新北市,便利商店,41178,3328301,81
2013,6,G,宜蘭縣,便利商店,45675,4079121,89
2013,6,H,桃園市,便利商店,44926,3733282,83
2013,6,I,嘉義市,便利商店,21026,2065786,98
2013,6,J,新竹縣,便利商店,17321,1544326,89
2013,6,K,苗栗縣,便利商店,17348,1650499,95
2013,6,M,南投縣,便利商店,40792,4023473,99
2013,6,N,彰化縣,便利商店,19797,2215702,112
2013,6,O,新竹市,便利商店,44734,3384221,76
2013,6,P,雲林縣,便利商店,44587,4251181,95
2013,6,Q,嘉義縣,便利商店,47201,4049463,86
2013,6,T,屏東縣,便利商店,21105,2428064,115
2013,6,U,花蓮縣,便利商店,66600,6094529,92
2013,6,V,臺東縣,便利商店,57136,5410214,95
2013,6,X,澎湖縣,便利商店,78501,9781080,125
2013,7,A,臺北市,便利商店,58550,4450977,76
2013,7,B,臺中市,便利商店,21041,2200041,105
2013,7,C,基隆市,便利商店,35612,2847373,80
2013,7,D,臺南市,便利商店,21377,2350353,110
2013,7,E,高雄市,便利商店,21438,2208413,103
2013,7,F,新北市,便利商店,41916,3501144,84
2013,7,G,宜蘭縣,便利商店,49639,4550937,92
2013,7,H,桃園市,便利商店,45700,3921762,86
2013,7,I,嘉義市,便利商店,20566,2153372,105
2013,7,J,新竹縣,便利商店,17733,1651030,93
2013,7,K,苗栗縣,便利商店,17973,1818571,101
2013,7,M,南投縣,便利商店,40931,4309268,105
2013,7,N,彰化縣,便利商店,19968,2369923,119
2013,7,O,新竹市,便利商店,46041,3629662,79
2013,7,P,雲林縣,便利商店,44296,4419675,100
2013,7,Q,嘉義縣,便利商店,48590,4566215,94
2013,7,T,屏東縣,便利商店,21995,2711992,123
2013,7,U,花蓮縣,便利商店,69248,6588495,95
2013,7,V,臺東縣,便利商店,63578,6198216,97
2013,7,X,澎湖縣,便利商店,82409,10587515,128
2013,8,A,臺北市,便利商店,55582,4402348,79
2013,8,B,臺中市,便利商店,20458,2346080,115
2013,8,C,基隆市,便利商店,34090,2849655,84
2013,8,D,臺南市,便利商店,20515,2540149,124
2013,8,E,高雄市,便利商店,20546,2331083,113
2013,8,F,新北市,便利商店,40246,3495222,87
2013,8,G,宜蘭縣,便利商店,47585,4624302,97
2013,8,H,桃園市,便利商店,43412,3844914,89
2013,8,I,嘉義市,便利商店,19435,2264692,117
2013,8,J,新竹縣,便利商店,16861,1638290,97
2013,8,K,苗栗縣,便利商店,17004,1832893,108
2013,8,M,南投縣,便利商店,39702,4558954,115
2013,8,N,彰化縣,便利商店,19063,2696076,141
2013,8,O,新竹市,便利商店,43746,3529958,81
2013,8,P,雲林縣,便利商店,41716,4321273,104
2013,8,Q,嘉義縣,便利商店,46227,4516266,98
2013,8,T,屏東縣,便利商店,21002,2937631,140
2013,8,U,花蓮縣,便利商店,66684,6718106,101
2013,8,V,臺東縣,便利商店,59204,6064448,102
2013,8,X,澎湖縣,便利商店,76622,10874265,142
2013,9,A,臺北市,便利商店,47767,3679030,77
2013,9,B,臺中市,便利商店,19685,2085490,106
2013,9,C,基隆市,便利商店,30606,2511875,82
2013,9,D,臺南市,便利商店,18549,2088984,113
2013,9,E,高雄市,便利商店,19172,1979143,103
2013,9,F,新北市,便利商店,35450,3001453,85
2013,9,G,宜蘭縣,便利商店,40515,3800406,94
2013,9,H,桃園市,便利商店,39050,3377363,86
2013,9,I,嘉義市,便利商店,17625,1826301,104
2013,9,J,新竹縣,便利商店,16010,1484658,93
2013,9,K,苗栗縣,便利商店,16108,1624440,101
2013,9,M,南投縣,便利商店,36848,3843591,104
2013,9,N,彰化縣,便利商店,18333,2305847,126
2013,9,O,新竹市,便利商店,42164,3307573,78
2013,9,P,雲林縣,便利商店,40360,3946297,98
2013,9,Q,嘉義縣,便利商店,40001,3648802,91
2013,9,T,屏東縣,便利商店,18463,2279314,123
2013,9,U,花蓮縣,便利商店,53699,5139790,96
2013,9,V,臺東縣,便利商店,46062,4581687,99
2013,9,X,澎湖縣,便利商店,63461,8669329,137
2013,10,A,臺北市,便利商店,51682,3963826,77
2013,10,B,臺中市,便利商店,20404,2070768,101
2013,10,C,基隆市,便利商店,31814,2582962,81
2013,10,D,臺南市,便利商店,19923,2119326,106
2013,10,E,高雄市,便利商店,19913,1991733,100
2013,10,F,新北市,便利商店,37952,3206841,84
2013,10,G,宜蘭縣,便利商店,40704,3793345,93
2013,10,H,桃園市,便利商店,41060,3533760,86
2013,10,I,嘉義市,便利商店,19516,1938542,99
2013,10,J,新竹縣,便利商店,16578,1516969,92
2013,10,K,苗栗縣,便利商店,16647,1606622,97
2013,10,M,南投縣,便利商店,39061,3929075,101
2013,10,N,彰化縣,便利商店,18307,2169161,118
2013,10,O,新竹市,便利商店,43860,3389068,77
2013,10,P,雲林縣,便利商店,40957,3893162,95
2013,10,Q,嘉義縣,便利商店,44881,4023127,90
2013,10,T,屏東縣,便利商店,19887,2349555,118
2013,10,U,花蓮縣,便利商店,59507,5545161,93
2013,10,V,臺東縣,便利商店,50643,4905985,97
2013,10,X,澎湖縣,便利商店,56743,7731174,136
2013,11,A,臺北市,便利商店,48718,3788579,78
2013,11,B,臺中市,便利商店,18452,1937541,105
2013,11,C,基隆市,便利商店,28149,2357286,84
2013,11,D,臺南市,便利商店,18496,1993938,108
2013,11,E,高雄市,便利商店,18843,1899827,101
2013,11,F,新北市,便利商店,34957,2995308,86
2013,11,G,宜蘭縣,便利商店,35910,3463215,96
2013,11,H,桃園市,便利商店,38544,3376226,88
2013,11,I,嘉義市,便利商店,17496,1785676,102
2013,11,J,新竹縣,便利商店,15216,1424199,94
2013,11,K,苗栗縣,便利商店,14652,1438443,98
2013,11,M,南投縣,便利商店,35583,3686011,104
2013,11,N,彰化縣,便利商店,16491,2011145,122
2013,11,O,新竹市,便利商店,39549,3128540,79
2013,11,P,雲林縣,便利商店,39126,3833496,98
2013,11,Q,嘉義縣,便利商店,38530,3527081,92
2013,11,T,屏東縣,便利商店,17782,2153234,121
2013,11,U,花蓮縣,便利商店,53510,5142468,96
2013,11,V,臺東縣,便利商店,46885,4697956,100
2013,11,X,澎湖縣,便利商店,59059,8278954,140
2013,12,A,臺北市,便利商店,26440,2189371,83
2013,12,B,臺中市,便利商店,15553,1587223,102
2013,12,C,基隆市,便利商店,19200,1684160,88
2013,12,D,臺南市,便利商店,14868,1492613,100
2013,12,E,高雄市,便利商店,15910,1556376,98
2013,12,F,新北市,便利商店,20961,1897270,91
2013,12,G,宜蘭縣,便利商店,19104,1920775,101
2013,12,H,桃園市,便利商店,20851,1936999,93
2013,12,I,嘉義市,便利商店,14710,1455962,99
2013,12,J,新竹縣,便利商店,13451,1286547,96
2013,12,K,苗栗縣,便利商店,13005,1293359,99
2013,12,M,南投縣,便利商店,18807,2038486,108
2013,12,N,彰化縣,便利商店,13799,1615890,117
2013,12,O,新竹市,便利商店,21985,1823420,83
2013,12,P,雲林縣,便利商店,19102,1990521,104
2013,12,Q,嘉義縣,便利商店,18977,1820239,96
2013,12,T,屏東縣,便利商店,14321,1606999,112
2013,12,U,花蓮縣,便利商店,19704,1974527,100
2013,12,V,臺東縣,便利商店,20106,2089704,104
2013,12,W,金門縣,便利商店,29425,3306973,112
2013,12,X,澎湖縣,便利商店,18632,2776141,149
2013,12,Z,連江縣,便利商店,24200,3394922,140
2014,1,A,臺北市,便利商店,25769,2241784,87
2014,1,B,臺中市,便利商店,22046,2299105,104
2014,1,C,基隆市,便利商店,20068,1819787,91
2014,1,D,臺南市,便利商店,22814,2322008,102
2014,1,E,高雄市,便利商店,23124,2309952,100
2014,1,F,新北市,便利商店,21135,1999263,95
2014,1,G,宜蘭縣,便利商店,20616,2136825,104
2014,1,H,桃園市,便利商店,20593,2013474,98
2014,1,I,嘉義市,便利商店,21929,2191123,100
2014,1,J,新竹縣,便利商店,19388,1912927,99
2014,1,K,苗栗縣,便利商店,19050,1995725,105
2014,1,M,南投縣,便利商店,19378,2247352,116
2014,1,N,彰化縣,便利商店,20829,2446983,117
2014,1,O,新竹市,便利商店,20233,1762796,87
2014,1,P,雲林縣,便利商店,19429,2203183,113
2014,1,Q,嘉義縣,便利商店,19144,2010062,105
2014,1,T,屏東縣,便利商店,21818,2467308,113
2014,1,U,花蓮縣,便利商店,20594,2235688,109
2014,1,V,臺東縣,便利商店,21368,2363432,111
2014,1,W,金門縣,便利商店,25257,3034729,120
2014,1,X,澎湖縣,便利商店,19601,3259213,166
2014,1,Z,連江縣,便利商店,19650,2897696,147
2014,2,A,臺北市,便利商店,22580,1926906,85
2014,2,B,臺中市,便利商店,20198,2069373,102
2014,2,C,基隆市,便利商店,17212,1605217,93
2014,2,D,臺南市,便利商店,20991,2053072,98
2014,2,E,高雄市,便利商店,21129,2016043,95
2014,2,F,新北市,便利商店,18410,1753217,95
2014,2,G,宜蘭縣,便利商店,19206,2017179,105
2014,2,H,桃園市,便利商店,17939,1767297,99
2014,2,I,嘉義市,便利商店,20049,1946884,97
2014,2,J,新竹縣,便利商店,17203,1704634,99
2014,2,K,苗栗縣,便利商店,17435,1823349,105
2014,2,M,南投縣,便利商店,19216,2179441,113
2014,2,N,彰化縣,便利商店,19154,2179581,114
2014,2,O,新竹市,便利商店,17732,1555138,88
2014,2,P,雲林縣,便利商店,18131,1990364,110
2014,2,Q,嘉義縣,便利商店,18557,1932271,104
2014,2,T,屏東縣,便利商店,21306,2291526,108
2014,2,U,花蓮縣,便利商店,19783,2136098,108
2014,2,V,臺東縣,便利商店,21833,2429223,111
2014,2,W,金門縣,便利商店,21598,2617913,121
2014,2,X,澎湖縣,便利商店,17346,2608038,150
2014,2,Z,連江縣,便利商店,19286,2648291,137
2014,3,A,臺北市,便利商店,27358,2208837,81
2014,3,B,臺中市,便利商店,23432,2245613,96
2014,3,C,基隆市,便利商店,19286,1663592,86
2014,3,D,臺南市,便利商店,24163,2226890,92
2014,3,E,高雄市,便利商店,23987,2187063,91
2014,3,F,新北市,便利商店,21551,1917467,89
2014,3,G,宜蘭縣,便利商店,20185,1972585,98
2014,3,H,桃園市,便利商店,21011,1924828,92
2014,3,I,嘉義市,便利商店,22104,2040396,92
2014,3,J,新竹縣,便利商店,19950,1839581,92
2014,3,K,苗栗縣,便利商店,19455,1870703,96
2014,3,M,南投縣,便利商店,19165,2056436,107
2014,3,N,彰化縣,便利商店,21152,2265011,107
2014,3,O,新竹市,便利商店,21535,1759220,82
2014,3,P,雲林縣,便利商店,19678,2014638,102
2014,3,Q,嘉義縣,便利商店,20419,1947218,95
2014,3,T,屏東縣,便利商店,22692,2330764,103
2014,3,U,花蓮縣,便利商店,21031,2087301,99
2014,3,V,臺東縣,便利商店,21374,2208374,103
2014,3,W,金門縣,便利商店,26323,2927251,111
2014,3,X,澎湖縣,便利商店,19139,2760017,144
2014,3,Z,連江縣,便利商店,23418,3020719,129
2014,4,A,臺北市,便利商店,27497,2155723,78
2014,4,B,臺中市,便利商店,23639,2187587,93
2014,4,C,基隆市,便利商店,19662,1664981,85
2014,4,D,臺南市,便利商店,24173,2192423,91
2014,4,E,高雄市,便利商店,24037,2160893,90
2014,4,F,新北市,便利商店,21820,1888933,87
2014,4,G,宜蘭縣,便利商店,20879,1975850,95
2014,4,H,桃園市,便利商店,21634,1920051,89
2014,4,I,嘉義市,便利商店,21972,1996790,91
2014,4,J,新竹縣,便利商店,20393,1826198,90
2014,4,K,苗栗縣,便利商店,20031,1863260,93
2014,4,M,南投縣,便利商店,19603,2055792,105
2014,4,N,彰化縣,便利商店,21770,2286863,105
2014,4,O,新竹市,便利商店,21844,1735707,79
2014,4,P,雲林縣,便利商店,20167,2016662,100
2014,4,Q,嘉義縣,便利商店,20725,1946568,94
2014,4,T,屏東縣,便利商店,23147,2370367,102
2014,4,U,花蓮縣,便利商店,21504,2138044,99
2014,4,V,臺東縣,便利商店,22193,2284184,103
2014,4,W,金門縣,便利商店,27790,3015579,109
2014,4,X,澎湖縣,便利商店,22394,3044364,136
2014,4,Z,連江縣,便利商店,24583,3078796,125
2014,5,A,臺北市,便利商店,29342,2299928,78
2014,5,B,臺中市,便利商店,25135,2323591,92
2014,5,C,基隆市,便利商店,21083,1767349,84
2014,5,D,臺南市,便利商店,25995,2328364,90
2014,5,E,高雄市,便利商店,25740,2278053,89
2014,5,F,新北市,便利商店,23390,2012988,86
2014,5,G,宜蘭縣,便利商店,21567,2044713,95
2014,5,H,桃園市,便利商店,23009,2032770,88
2014,5,I,嘉義市,便利商店,23866,2137400,90
2014,5,J,新竹縣,便利商店,21478,1905100,89
2014,5,K,苗栗縣,便利商店,21229,1957580,92
2014,5,M,南投縣,便利商店,20068,2120651,106
2014,5,N,彰化縣,便利商店,22617,2354715,104
2014,5,O,新竹市,便利商店,23176,1832714,79
2014,5,P,雲林縣,便利商店,21126,2119735,100
2014,5,Q,嘉義縣,便利商店,21548,2011741,93
2014,5,T,屏東縣,便利商店,24857,2487406,100
2014,5,U,花蓮縣,便利商店,22770,2198913,97
2014,5,V,臺東縣,便利商店,23976,2370825,99
2014,5,W,金門縣,便利商店,28382,3108776,110
2014,5,X,澎湖縣,便利商店,26466,3479327,131
2014,5,Z,連江縣,便利商店,25947,3236197,125
2014,6,A,臺北市,便利商店,28740,2252382,78
2014,6,B,臺中市,便利商店,25298,2307754,91
2014,6,C,基隆市,便利商店,21208,1763919,83
2014,6,D,臺南市,便利商店,25493,2282117,90
2014,6,E,高雄市,便利商店,25160,2227075,89
2014,6,F,新北市,便利商店,23563,2013584,85
2014,6,G,宜蘭縣,便利商店,22515,2088116,93
2014,6,H,桃園市,便利商店,23341,2038554,87
2014,6,I,嘉義市,便利商店,23651,2103703,89
2014,6,J,新竹縣,便利商店,21650,1909777,88
2014,6,K,苗栗縣,便利商店,21540,1966687,91
2014,6,M,南投縣,便利商店,20999,2172752,103
2014,6,N,彰化縣,便利商店,23041,2339200,102
2014,6,O,新竹市,便利商店,23100,1822984,79
2014,6,P,雲林縣,便利商店,21287,2070748,97
2014,6,Q,嘉義縣,便利商店,21772,2020810,93
2014,6,T,屏東縣,便利商店,25068,2514326,100
2014,6,U,花蓮縣,便利商店,23162,2206856,95
2014,6,V,臺東縣,便利商店,24938,2427192,97
2014,6,W,金門縣,便利商店,29587,3231871,109
2014,6,X,澎湖縣,便利商店,28023,3599844,128
2014,6,Z,連江縣,便利商店,27407,3413633,125
2014,7,A,臺北市,便利商店,31294,2444669,78
2014,7,B,臺中市,便利商店,26627,2477630,93
2014,7,C,基隆市,便利商店,23362,1938215,83
2014,7,D,臺南市,便利商店,26965,2496113,93
2014,7,E,高雄市,便利商店,26618,2407259,90
2014,7,F,新北市,便利商店,25506,2182393,86
2014,7,G,宜蘭縣,便利商店,25571,2385951,93
2014,7,H,桃園市,便利商店,24848,2172101,87
2014,7,I,嘉義市,便利商店,25277,2222072,88
2014,7,J,新竹縣,便利商店,23589,2093924,89
2014,7,K,苗栗縣,便利商店,22795,2108528,93
2014,7,M,南投縣,便利商店,22938,2442244,106
2014,7,N,彰化縣,便利商店,24884,2561951,103
2014,7,O,新竹市,便利商店,24171,1926186,80
2014,7,P,雲林縣,便利商店,22503,2263997,101
2014,7,Q,嘉義縣,便利商店,23159,2176531,94
2014,7,T,屏東縣,便利商店,27028,2755422,102
2014,7,U,花蓮縣,便利商店,26986,2593380,96
2014,7,V,臺東縣,便利商店,28834,2869439,100
2014,7,W,金門縣,便利商店,30673,3437350,112
2014,7,X,澎湖縣,便利商店,29485,3885453,132
2014,7,Z,連江縣,便利商店,28387,3518889,124
2014,8,A,臺北市,便利商店,30046,2389893,80
2014,8,B,臺中市,便利商店,25563,2489813,97
2014,8,C,基隆市,便利商店,23055,1925999,84
2014,8,D,臺南市,便利商店,25292,2509281,99
2014,8,E,高雄市,便利商店,24707,2375933,96
2014,8,F,新北市,便利商店,24473,2128440,87
2014,8,G,宜蘭縣,便利商店,24772,2359578,95
2014,8,H,桃園市,便利商店,24303,2140430,88
2014,8,I,嘉義市,便利商店,23785,2214293,93
2014,8,J,新竹縣,便利商店,22595,2041172,90
2014,8,K,苗栗縣,便利商店,22031,2105920,96
2014,8,M,南投縣,便利商店,22098,2505841,113
2014,8,N,彰化縣,便利商店,23253,2624348,113
2014,8,O,新竹市,便利商店,23068,1862066,81
2014,8,P,雲林縣,便利商店,21431,2255284,105
2014,8,Q,嘉義縣,便利商店,21387,2122151,99
2014,8,T,屏東縣,便利商店,25200,2773841,110
2014,8,U,花蓮縣,便利商店,26839,2696293,100
2014,8,V,臺東縣,便利商店,26952,2775758,103
2014,8,W,金門縣,便利商店,28155,3202324,114
2014,8,X,澎湖縣,便利商店,25717,3654429,142
2014,8,Z,連江縣,便利商店,28521,3627082,127
2014,9,A,臺北市,便利商店,29207,2303693,79
2014,9,B,臺中市,便利商店,25553,2332128,91
2014,9,C,基隆市,便利商店,22161,1795501,81
2014,9,D,臺南市,便利商店,25522,2322243,91
2014,9,E,高雄市,便利商店,24847,2213718,89
2014,9,F,新北市,便利商店,24249,2051422,85
2014,9,G,宜蘭縣,便利商店,22709,2080867,92
2014,9,H,桃園市,便利商店,24296,2066765,85
2014,9,I,嘉義市,便利商店,23216,2051241,88
2014,9,J,新竹縣,便利商店,22377,1951929,87
2014,9,K,苗栗縣,便利商店,21907,1985844,91
2014,9,M,南投縣,便利商店,21289,2186515,103
2014,9,N,彰化縣,便利商店,23264,2373381,102
2014,9,O,新竹市,便利商店,23391,1818578,78
2014,9,P,雲林縣,便利商店,21697,2109867,97
2014,9,Q,嘉義縣,便利商店,21680,2020888,93
2014,9,T,屏東縣,便利商店,24469,2477032,101
2014,9,U,花蓮縣,便利商店,24406,2288066,94
2014,9,V,臺東縣,便利商店,23570,2338448,99
2014,9,W,金門縣,便利商店,27885,3008568,108
2014,9,X,澎湖縣,便利商店,23734,3202462,135
2014,9,Z,連江縣,便利商店,27491,3410031,124
2014,10,A,臺北市,便利商店,28199,2269949,80
2014,10,B,臺中市,便利商店,24969,2276757,91
2014,10,C,基隆市,便利商店,20942,1734279,83
2014,10,D,臺南市,便利商店,25288,2270545,90
2014,10,E,高雄市,便利商店,24950,2217744,89
2014,10,F,新北市,便利商店,22863,1977256,86
2014,10,G,宜蘭縣,便利商店,21710,2033307,94
2014,10,H,桃園市,便利商店,23115,1995253,86
2014,10,I,嘉義市,便利商店,22897,1990217,87
2014,10,J,新竹縣,便利商店,21396,1899699,89
2014,10,K,苗栗縣,便利商店,21001,1922386,92
2014,10,M,南投縣,便利商店,21311,2187269,103
2014,10,N,彰化縣,便利商店,22044,2251117,102
2014,10,O,新竹市,便利商店,22456,1766355,79
2014,10,P,雲林縣,便利商店,20664,2016069,98
2014,10,Q,嘉義縣,便利商店,21587,2001565,93
2014,10,T,屏東縣,便利商店,24381,2409446,99
2014,10,U,花蓮縣,便利商店,24318,2306613,95
2014,10,V,臺東縣,便利商店,23458,2324646,99
2014,10,W,金門縣,便利商店,27968,3153826,113
2014,10,X,澎湖縣,便利商店,20606,2900508,141
2014,10,Z,連江縣,便利商店,25181,3124829,124
2014,11,A,臺北市,便利商店,26178,2140217,82
2014,11,B,臺中市,便利商店,23038,2172018,94
2014,11,C,基隆市,便利商店,19393,1652400,85
2014,11,D,臺南市,便利商店,23354,2157253,92
2014,11,E,高雄市,便利商店,22983,2092200,91
2014,11,F,新北市,便利商店,21134,1870543,89
2014,11,G,宜蘭縣,便利商店,19956,1932719,97
2014,11,H,桃園市,便利商店,21316,1907757,90
2014,11,I,嘉義市,便利商店,20973,1880821,90
2014,11,J,新竹縣,便利商店,19859,1820252,92
2014,11,K,苗栗縣,便利商店,19791,1881113,95
2014,11,M,南投縣,便利商店,19564,2074764,106
2014,11,N,彰化縣,便利商店,20348,2147960,106
2014,11,O,新竹市,便利商店,20839,1698285,81
2014,11,P,雲林縣,便利商店,19019,1929716,101
2014,11,Q,嘉義縣,便利商店,19893,1911121,96
2014,11,T,屏東縣,便利商店,21791,2205160,101
2014,11,U,花蓮縣,便利商店,22030,2159238,98
2014,11,V,臺東縣,便利商店,21026,2139374,102
2014,11,W,金門縣,便利商店,23941,2746039,115
2014,11,X,澎湖縣,便利商店,18652,2656903,142
2014,11,Z,連江縣,便利商店,23094,3064184,133
2014,12,A,臺北市,便利商店,25673,2197696,86
2014,12,B,臺中市,便利商店,22217,2192698,99
2014,12,C,基隆市,便利商店,18613,1649333,89
2014,12,D,臺南市,便利商店,22832,2197283,96
2014,12,E,高雄市,便利商店,22648,2155949,95
2014,12,F,新北市,便利商店,20357,1883033,93
2014,12,G,宜蘭縣,便利商店,19373,1926967,99
2014,12,H,桃園市,便利商店,20511,1887989,92
2014,12,I,嘉義市,便利商店,20417,1889389,93
2014,12,J,新竹縣,便利商店,19197,1821360,95
2014,12,K,苗栗縣,便利商店,18787,1863010,99
2014,12,M,南投縣,便利商店,18495,2062719,112
2014,12,N,彰化縣,便利商店,19502,2173034,111
2014,12,O,新竹市,便利商店,20277,1708059,84
2014,12,P,雲林縣,便利商店,18326,1955118,107
2014,12,Q,嘉義縣,便利商店,18794,1887211,100
2014,12,T,屏東縣,便利商店,21032,2215939,105
2014,12,U,花蓮縣,便利商店,21615,2171397,100
2014,12,V,臺東縣,便利商店,20434,2151296,105
2014,12,W,金門縣,便利商店,22342,2660550,119
2014,12,X,澎湖縣,便利商店,17259,2660886,154
2014,12,Z,連江縣,便利商店,20795,2873213,138
2015,1,A,臺北市,便利商店,24727,2112982,85
2015,1,B,臺中市,便利商店,21876,2156706,99
2015,1,C,基隆市,便利商店,18383,1626228,88
2015,1,D,臺南市,便利商店,21914,2123959,97
2015,1,E,高雄市,便利商店,22132,2118077,96
2015,1,F,新北市,便利商店,20248,1859817,92
2015,1,G,宜蘭縣,便利商店,20147,1976433,98
2015,1,H,桃園市,便利商店,20258,1872441,92
2015,1,I,嘉義市,便利商店,20681,1937820,94
2015,1,J,新竹縣,便利商店,19002,1807000,95
2015,1,K,苗栗縣,便利商店,19051,1887999,99
2015,1,M,南投縣,便利商店,19301,2146409,111
2015,1,N,彰化縣,便利商店,19453,2130420,110
2015,1,O,新竹市,便利商店,19347,1648859,85
2015,1,P,雲林縣,便利商店,18259,1937430,106
2015,1,Q,嘉義縣,便利商店,18751,1868930,100
2015,1,T,屏東縣,便利商店,20996,2214871,105
2015,1,U,花蓮縣,便利商店,21038,2157610,103
2015,1,V,臺東縣,便利商店,21151,2247474,106
2015,1,W,金門縣,便利商店,22302,2916215,131
2015,1,X,澎湖縣,便利商店,17309,2692700,156
2015,1,Z,連江縣,便利商店,20357,2899427,142
2015,2,A,臺北市,便利商店,21417,1966511,92
2015,2,B,臺中市,便利商店,19968,2189805,110
2015,2,C,基隆市,便利商店,17255,1712840,99
2015,2,D,臺南市,便利商店,20364,2214942,109
2015,2,E,高雄市,便利商店,20795,2170985,104
2015,2,F,新北市,便利商店,18287,1859455,102
2015,2,G,宜蘭縣,便利商店,20111,2203885,110
2015,2,H,桃園市,便利商店,17985,1862210,104
2015,2,I,嘉義市,便利商店,20195,2068388,102
2015,2,J,新竹縣,便利商店,17130,1827303,107
2015,2,K,苗栗縣,便利商店,18197,2073484,114
2015,2,M,南投縣,便利商店,20609,2620182,127
2015,2,N,彰化縣,便利商店,19263,2361734,123
2015,2,O,新竹市,便利商店,16601,1557535,94
2015,2,P,雲林縣,便利商店,18500,2211973,120
2015,2,Q,嘉義縣,便利商店,18809,2141702,114
2015,2,T,屏東縣,便利商店,21718,2532911,117
2015,2,U,花蓮縣,便利商店,21663,2534042,117
2015,2,V,臺東縣,便利商店,22632,2694923,119
2015,2,W,金門縣,便利商店,19908,2895749,145
2015,2,X,澎湖縣,便利商店,17310,2915217,168
2015,2,Z,連江縣,便利商店,17395,2471210,142
2015,3,A,臺北市,便利商店,25694,2113656,82
2015,3,B,臺中市,便利商店,23271,2231433,96
2015,3,C,基隆市,便利商店,18697,1646903,88
2015,3,D,臺南市,便利商店,23546,2178693,93
2015,3,E,高雄市,便利商店,23492,2142121,91
2015,3,F,新北市,便利商店,20781,1872776,90
2015,3,G,宜蘭縣,便利商店,19905,1948281,98
2015,3,H,桃園市,便利商店,20876,1894967,91
2015,3,I,嘉義市,便利商店,21634,1951207,90
2015,3,J,新竹縣,便利商店,19136,1799870,94
2015,3,K,苗栗縣,便利商店,19575,1896621,97
2015,3,M,南投縣,便利商店,19870,2168741,109
2015,3,N,彰化縣,便利商店,20511,2187723,107
2015,3,O,新竹市,便利商店,20691,1709732,83
2015,3,P,雲林縣,便利商店,19263,1969013,102
2015,3,Q,嘉義縣,便利商店,19743,1916755,97
2015,3,T,屏東縣,便利商店,22472,2289765,102
2015,3,U,花蓮縣,便利商店,21892,2156449,99
2015,3,V,臺東縣,便利商店,21234,2188839,103
2015,3,W,金門縣,便利商店,22951,2974468,130
2015,3,X,澎湖縣,便利商店,19256,2787340,145
2015,3,Z,連江縣,便利商店,20603,2699758,131
2015,4,A,臺北市,便利商店,26168,2125013,81
2015,4,B,臺中市,便利商店,23532,2208713,94
2015,4,C,基隆市,便利商店,19442,1666247,86
2015,4,D,臺南市,便利商店,23674,2179470,92
2015,4,E,高雄市,便利商店,23544,2137452,91
2015,4,F,新北市,便利商店,21326,1873883,88
2015,4,G,宜蘭縣,便利商店,20825,1977308,95
2015,4,H,桃園市,便利商店,21687,1914369,88
2015,4,I,嘉義市,便利商店,21926,1926582,88
2015,4,J,新竹縣,便利商店,20089,1829252,91
2015,4,K,苗栗縣,便利商店,20170,1918467,95
2015,4,M,南投縣,便利商店,20655,2233666,108
2015,4,N,彰化縣,便利商店,21109,2213419,105
2015,4,O,新竹市,便利商店,21375,1730088,81
2015,4,P,雲林縣,便利商店,20133,2032551,101
2015,4,Q,嘉義縣,便利商店,20718,1987752,96
2015,4,T,屏東縣,便利商店,23349,2387914,102
2015,4,U,花蓮縣,便利商店,23019,2301444,100
2015,4,V,臺東縣,便利商店,22087,2280336,103
2015,4,W,金門縣,便利商店,24182,3178754,131
2015,4,X,澎湖縣,便利商店,21961,3122121,142
2015,4,Z,連江縣,便利商店,22516,2839789,126
2015,5,A,臺北市,便利商店,28333,2287581,81
2015,5,B,臺中市,便利商店,24873,2334201,94
2015,5,C,基隆市,便利商店,21302,1794280,84
2015,5,D,臺南市,便利商店,25301,2344341,93
2015,5,E,高雄市,便利商店,25168,2296793,91
2015,5,F,新北市,便利商店,23179,2023695,87
2015,5,G,宜蘭縣,便利商店,22051,2079443,94
2015,5,H,桃園市,便利商店,23265,2057280,88
2015,5,I,嘉義市,便利商店,23115,2047872,89
2015,5,J,新竹縣,便利商店,21543,1953667,91
2015,5,K,苗栗縣,便利商店,21525,2039369,95
2015,5,M,南投縣,便利商店,20910,2296103,110
2015,5,N,彰化縣,便利商店,22097,2316365,105
2015,5,O,新竹市,便利商店,22979,1853269,81
2015,5,P,雲林縣,便利商店,21366,2112532,99
2015,5,Q,嘉義縣,便利商店,21512,2064351,96
2015,5,T,屏東縣,便利商店,24376,2503703,103
2015,5,U,花蓮縣,便利商店,24176,2352745,97
2015,5,V,臺東縣,便利商店,23240,2365369,102
2015,5,W,金門縣,便利商店,26552,3441252,130
2015,5,X,澎湖縣,便利商店,25359,3493419,138
2015,5,Z,連江縣,便利商店,25166,3136052,125
2015,6,A,臺北市,便利商店,29188,2315919,79
2015,6,B,臺中市,便利商店,25953,2383180,92
2015,6,C,基隆市,便利商店,22330,1829825,82
2015,6,D,臺南市,便利商店,26085,2386395,91
2015,6,E,高雄市,便利商店,25807,2304207,89
2015,6,F,新北市,便利商店,24137,2062467,85
2015,6,G,宜蘭縣,便利商店,23447,2174522,93
2015,6,H,桃園市,便利商店,24393,2100420,86
2015,6,I,嘉義市,便利商店,23804,2072247,87
2015,6,J,新竹縣,便利商店,22591,2011561,89
2015,6,K,苗栗縣,便利商店,22564,2085464,92
2015,6,M,南投縣,便利商店,22213,2404195,108
2015,6,N,彰化縣,便利商店,23071,2363695,102
2015,6,O,新竹市,便利商店,23906,1898981,79
2015,6,P,雲林縣,便利商店,21770,2146794,99
2015,6,Q,嘉義縣,便利商店,22559,2120288,94
2015,6,T,屏東縣,便利商店,25885,2608766,101
2015,6,U,花蓮縣,便利商店,25891,2484701,96
2015,6,V,臺東縣,便利商店,24758,2458696,99
2015,6,W,金門縣,便利商店,28276,3508876,124
2015,6,X,澎湖縣,便利商店,27946,3714807,133
2015,6,Z,連江縣,便利商店,27319,3289311,120
2015,7,A,臺北市,便利商店,29856,2408980,81
2015,7,B,臺中市,便利商店,25895,2448154,95
2015,7,C,基隆市,便利商店,22397,1901910,85
2015,7,D,臺南市,便利商店,25658,2449134,95
2015,7,E,高雄市,便利商店,25486,2370693,93
2015,7,F,新北市,便利商店,24429,2152132,88
2015,7,G,宜蘭縣,便利商店,24788,2324538,94
2015,7,H,桃園市,便利商店,24563,2166721,88
2015,7,I,嘉義市,便利商店,24217,2141197,88
2015,7,J,新竹縣,便利商店,23275,2094153,90
2015,7,K,苗栗縣,便利商店,22260,2111515,95
2015,7,M,南投縣,便利商店,22946,2564018,112
2015,7,N,彰化縣,便利商店,23502,2416890,103
2015,7,O,新竹市,便利商店,23629,1919863,81
2015,7,P,雲林縣,便利商店,21694,2207879,102
2015,7,Q,嘉義縣,便利商店,22361,2200477,98
2015,7,T,屏東縣,便利商店,25582,2674858,105
2015,7,U,花蓮縣,便利商店,27106,2673183,99
2015,7,V,臺東縣,便利商店,27025,2796698,103
2015,7,W,金門縣,便利商店,27835,3551130,128
2015,7,X,澎湖縣,便利商店,26842,3695321,138
2015,7,Z,連江縣,便利商店,26142,3275254,125
2015,8,A,臺北市,便利商店,28796,2457698,85
2015,8,B,臺中市,便利商店,25071,2593885,103
2015,8,C,基隆市,便利商店,21430,1955213,91
2015,8,D,臺南市,便利商店,25004,2663791,107
2015,8,E,高雄市,便利商店,24955,2526972,101
2015,8,F,新北市,便利商店,23465,2197656,94
2015,8,G,宜蘭縣,便利商店,22728,2317003,102
2015,8,H,桃園市,便利商店,23501,2177939,93
2015,8,I,嘉義市,便利商店,23235,2266863,98
2015,8,J,新竹縣,便利商店,22138,2107007,95
2015,8,K,苗栗縣,便利商店,21910,2251599,103
2015,8,M,南投縣,便利商店,21668,2740140,126
2015,8,N,彰化縣,便利商店,22548,2676354,119
2015,8,O,新竹市,便利商店,22638,1923319,85
2015,8,P,雲林縣,便利商店,21011,2361952,112
2015,8,Q,嘉義縣,便利商店,20947,2198514,105
2015,8,T,屏東縣,便利商店,24732,2847822,115
2015,8,U,花蓮縣,便利商店,25499,2778101,109
2015,8,V,臺東縣,便利商店,25185,2753142,109
2015,8,W,金門縣,便利商店,27968,3742145,134
2015,8,X,澎湖縣,便利商店,25786,4028924,156
2015,8,Z,連江縣,便利商店,26195,3372771,129
2015,9,A,臺北市,便利商店,27276,2275718,83
2015,9,B,臺中市,便利商店,24530,2416121,98
2015,9,C,基隆市,便利商店,20539,1800260,88
2015,9,D,臺南市,便利商店,24287,2389125,98
2015,9,E,高雄市,便利商店,24399,2300861,94
2015,9,F,新北市,便利商店,22429,2042025,91
2015,9,G,宜蘭縣,便利商店,21637,2121842,98
2015,9,H,桃園市,便利商店,22481,2040672,91
2015,9,I,嘉義市,便利商店,22475,2090599,93
2015,9,J,新竹縣,便利商店,21436,2013589,94
2015,9,K,苗栗縣,便利商店,21068,2066768,98
2015,9,M,南投縣,便利商店,21219,2420536,114
2015,9,N,彰化縣,便利商店,21701,2406760,111
2015,9,O,新竹市,便利商店,22264,1846901,83
2015,9,P,雲林縣,便利商店,20483,2166180,106
2015,9,Q,嘉義縣,便利商店,20523,2014727,98
2015,9,T,屏東縣,便利商店,24159,2565258,106
2015,9,U,花蓮縣,便利商店,23777,2428862,102
2015,9,V,臺東縣,便利商店,22870,2326897,102
2015,9,W,金門縣,便利商店,26709,3474353,130
2015,9,X,澎湖縣,便利商店,24396,3701698,152
2015,9,Z,連江縣,便利商店,25767,3409745,132
2015,10,A,臺北市,便利商店,28360,2319554,82
2015,10,B,臺中市,便利商店,25616,2412860,94
2015,10,C,基隆市,便利商店,20911,1831487,88
2015,10,D,臺南市,便利商店,25139,2369526,94
2015,10,E,高雄市,便利商店,25029,2312163,92
2015,10,F,新北市,便利商店,22967,2048209,89
2015,10,G,宜蘭縣,便利商店,21907,2126967,97
2015,10,H,桃園市,便利商店,23207,2077515,90
2015,10,I,嘉義市,便利商店,22843,2067390,91
2015,10,J,新竹縣,便利商店,22071,2012371,91
2015,10,K,苗栗縣,便利商店,22033,2095496,95
2015,10,M,南投縣,便利商店,22278,2464375,111
2015,10,N,彰化縣,便利商店,22419,2357082,105
2015,10,O,新竹市,便利商店,23514,1919180,82
2015,10,P,雲林縣,便利商店,21167,2125566,100
2015,10,Q,嘉義縣,便利商店,21586,2046151,95
2015,10,T,屏東縣,便利商店,24784,2560002,103
2015,10,U,花蓮縣,便利商店,24705,2470185,100
2015,10,V,臺東縣,便利商店,23467,2373563,101
2015,10,W,金門縣,便利商店,28885,3661833,127
2015,10,X,澎湖縣,便利商店,22119,3297099,149
2015,10,Z,連江縣,便利商店,25930,3211937,124
2015,11,A,臺北市,便利商店,26811,2218357,83
2015,11,B,臺中市,便利商店,24262,2382232,98
2015,11,C,基隆市,便利商店,19530,1739459,89
2015,11,D,臺南市,便利商店,24042,2461029,102
2015,11,E,高雄市,便利商店,23666,2248971,95
2015,11,F,新北市,便利商店,21614,1954074,90
2015,11,G,宜蘭縣,便利商店,20834,2071835,99
2015,11,H,桃園市,便利商店,21960,1977838,90
2015,11,I,嘉義市,便利商店,21253,1950828,92
2015,11,J,新竹縣,便利商店,20794,1920086,92
2015,11,K,苗栗縣,便利商店,20613,1980381,96
2015,11,M,南投縣,便利商店,21093,2366152,112
2015,11,N,彰化縣,便利商店,21124,2276878,108
2015,11,O,新竹市,便利商店,22176,1825916,82
2015,11,P,雲林縣,便利商店,19946,2053644,103
2015,11,Q,嘉義縣,便利商店,20486,1983853,97
2015,11,T,屏東縣,便利商店,22794,2387112,105
2015,11,U,花蓮縣,便利商店,22909,2399402,105
2015,11,V,臺東縣,便利商店,21564,2261618,105
2015,11,W,金門縣,便利商店,26984,3452576,128
2015,11,X,澎湖縣,便利商店,19968,3047506,153
2015,11,Z,連江縣,便利商店,23539,3078796,131
2015,12,A,臺北市,便利商店,26444,2277903,86
2015,12,B,臺中市,便利商店,23396,2352652,101
2015,12,C,基隆市,便利商店,18690,1717636,92
2015,12,D,臺南市,便利商店,23670,2371135,100
2015,12,E,高雄市,便利商店,23378,2274927,97
2015,12,F,新北市,便利商店,20928,1968754,94
2015,12,G,宜蘭縣,便利商店,20206,2078346,103
2015,12,H,桃園市,便利商店,21243,1991856,94
2015,12,I,嘉義市,便利商店,21073,2017183,96
2015,12,J,新竹縣,便利商店,20153,1934918,96
2015,12,K,苗栗縣,便利商店,19604,1966339,100
2015,12,M,南投縣,便利商店,20254,2354688,116
2015,12,N,彰化縣,便利商店,20477,2354234,115
2015,12,O,新竹市,便利商店,21551,1836391,85
2015,12,P,雲林縣,便利商店,19371,2090008,108
2015,12,Q,嘉義縣,便利商店,19863,2015188,101
2015,12,T,屏東縣,便利商店,22187,2387154,108
2015,12,U,花蓮縣,便利商店,22848,2472406,108
2015,12,V,臺東縣,便利商店,21501,2399992,112
2015,12,W,金門縣,便利商店,24774,3312343,134
2015,12,X,澎湖縣,便利商店,19356,3141556,162
2015,12,Z,連江縣,便利商店,22248,3185793,143
2016,1,A,臺北市,便利商店,25025,2265296,91
2016,1,B,臺中市,便利商店,22284,2360309,106
2016,1,C,基隆市,便利商店,17817,1704176,96
2016,1,D,臺南市,便利商店,22353,2401769,107
2016,1,E,高雄市,便利商店,22345,2283150,102
2016,1,F,新北市,便利商店,20240,1989780,98
2016,1,G,宜蘭縣,便利商店,19947,2100322,105
2016,1,H,桃園市,便利商店,20241,1995641,99
2016,1,I,嘉義市,便利商店,20395,2022839,99
2016,1,J,新竹縣,便利商店,19071,1917433,101
2016,1,K,苗栗縣,便利商店,18594,1993777,107
2016,1,M,南投縣,便利商店,19518,2397300,123
2016,1,N,彰化縣,便利商店,19808,2366053,119
2016,1,O,新竹市,便利商店,19692,1769358,90
2016,1,P,雲林縣,便利商店,18569,2139052,115
2016,1,Q,嘉義縣,便利商店,18688,2016849,108
2016,1,T,屏東縣,便利商店,21583,2468966,114
2016,1,U,花蓮縣,便利商店,22151,2544388,115
2016,1,V,臺東縣,便利商店,21490,2481196,115
2016,1,W,金門縣,便利商店,23164,3420296,148
2016,1,X,澎湖縣,便利商店,18629,3206967,172
2016,1,Z,連江縣,便利商店,21786,3218394,148
2016,2,A,臺北市,便利商店,21713,2073770,96
2016,2,B,臺中市,便利商店,20895,2401609,115
2016,2,C,基隆市,便利商店,17188,1784422,104
2016,2,D,臺南市,便利商店,21656,2683778,124
2016,2,E,高雄市,便利商店,21428,2284313,107
2016,2,F,新北市,便利商店,18457,1951082,106
2016,2,G,宜蘭縣,便利商店,20809,2356023,113
2016,2,H,桃園市,便利商店,18366,1971460,107
2016,2,I,嘉義市,便利商店,20675,2155236,104
2016,2,J,新竹縣,便利商店,17378,1902792,109
2016,2,K,苗栗縣,便利商店,18613,2197826,118
2016,2,M,南投縣,便利商店,21533,2840767,132
2016,2,N,彰化縣,便利商店,19949,2554627,128
2016,2,O,新竹市,便利商店,17474,1704219,98
2016,2,P,雲林縣,便利商店,19709,2431949,123
2016,2,Q,嘉義縣,便利商店,19752,2308294,117
2016,2,T,屏東縣,便利商店,23122,2768944,120
2016,2,U,花蓮縣,便利商店,23542,2934813,125
2016,2,V,臺東縣,便利商店,24492,3093138,126
2016,2,W,金門縣,便利商店,21850,3370345,154
2016,2,X,澎湖縣,便利商店,18411,3142520,171
2016,2,Z,連江縣,便利商店,19433,2858785,147
2016,3,A,臺北市,便利商店,26188,2259154,86
2016,3,B,臺中市,便利商店,23130,2341894,101
2016,3,C,基隆市,便利商店,18510,1690981,91
2016,3,D,臺南市,便利商店,23442,2469348,105
2016,3,E,高雄市,便利商店,23376,2246409,96
2016,3,F,新北市,便利商店,20648,1937705,94
2016,3,G,宜蘭縣,便利商店,20134,2040296,101
2016,3,H,桃園市,便利商店,21048,1983068,94
2016,3,I,嘉義市,便利商店,21095,1986377,94
2016,3,J,新竹縣,便利商店,19588,1873678,96
2016,3,K,苗栗縣,便利商店,19362,1965206,101
2016,3,M,南投縣,便利商店,19079,2244237,118
2016,3,N,彰化縣,便利商店,20236,2319469,115
2016,3,O,新竹市,便利商店,21179,1833168,87
2016,3,P,雲林縣,便利商店,19459,2109566,108
2016,3,Q,嘉義縣,便利商店,20293,2044706,101
2016,3,T,屏東縣,便利商店,22193,2374622,107
2016,3,U,花蓮縣,便利商店,22253,2397921,108
2016,3,V,臺東縣,便利商店,21317,2375600,111
2016,3,W,金門縣,便利商店,23936,3642759,152
2016,3,X,澎湖縣,便利商店,19574,3010976,154
2016,3,Z,連江縣,便利商店,22749,3090554,136
2016,4,A,臺北市,便利商店,26116,2212103,85
2016,4,B,臺中市,便利商店,23944,2344237,98
2016,4,C,基隆市,便利商店,19214,1717357,89
2016,4,D,臺南市,便利商店,24142,2495312,103
2016,4,E,高雄市,便利商店,23635,2244848,95
2016,4,F,新北市,便利商店,21324,1952445,92
2016,4,G,宜蘭縣,便利商店,21334,2106025,99
2016,4,H,桃園市,便利商店,21702,1997580,92
2016,4,I,嘉義市,便利商店,21873,2032945,93
2016,4,J,新竹縣,便利商店,20252,1894720,94
2016,4,K,苗栗縣,便利商店,20596,2029505,99
2016,4,M,南投縣,便利商店,20804,2393459,115
2016,4,N,彰化縣,便利商店,21335,2374844,111
2016,4,O,新竹市,便利商店,21539,1819421,84
2016,4,P,雲林縣,便利商店,20925,2217606,106
2016,4,Q,嘉義縣,便利商店,21433,2139425,100
2016,4,T,屏東縣,便利商店,23915,2535658,106
2016,4,U,花蓮縣,便利商店,23770,2555946,108
2016,4,V,臺東縣,便利商店,23967,2631744,110
2016,4,W,金門縣,便利商店,24550,3967485,162
2016,4,X,澎湖縣,便利商店,23461,3422191,146
2016,4,Z,連江縣,便利商店,24895,3278014,132
2016,5,A,臺北市,便利商店,28813,2379489,83
2016,5,B,臺中市,便利商店,26102,2461698,94
2016,5,C,基隆市,便利商店,21103,1833238,87
2016,5,D,臺南市,便利商店,25970,2457400,95
2016,5,E,高雄市,便利商店,25505,2346963,92
2016,5,F,新北市,便利商店,23431,2087078,89
2016,5,G,宜蘭縣,便利商店,22665,2184644,96
2016,5,H,桃園市,便利商店,23894,2129766,89
2016,5,I,嘉義市,便利商店,23420,2093131,89
2016,5,J,新竹縣,便利商店,22340,2023184,91
2016,5,K,苗栗縣,便利商店,22524,2153060,96
2016,5,M,南投縣,便利商店,22054,2465524,112
2016,5,N,彰化縣,便利商店,23088,2465860,107
2016,5,O,新竹市,便利商店,23746,1922746,81
2016,5,P,雲林縣,便利商店,22025,2234143,101
2016,5,Q,嘉義縣,便利商店,22426,2146077,96
2016,5,T,屏東縣,便利商店,25440,2627860,103
2016,5,U,花蓮縣,便利商店,24794,2577333,104
2016,5,V,臺東縣,便利商店,24162,2545076,105
2016,5,W,金門縣,便利商店,28371,3909100,138
2016,5,X,澎湖縣,便利商店,27713,3913896,141
2016,5,Z,連江縣,便利商店,30283,3870961,128
2016,6,A,臺北市,便利商店,28371,2366369,83
2016,6,B,臺中市,便利商店,25665,2446590,95
2016,6,C,基隆市,便利商店,21495,1844924,86
2016,6,D,臺南市,便利商店,25292,2446747,97
2016,6,E,高雄市,便利商店,24976,2320855,93
2016,6,F,新北市,便利商店,23394,2085826,89
2016,6,G,宜蘭縣,便利商店,23397,2245848,96
2016,6,H,桃園市,便利商店,23862,2135237,89
2016,6,I,嘉義市,便利商店,23138,2100559,91
2016,6,J,新竹縣,便利商店,22351,2040461,91
2016,6,K,苗栗縣,便利商店,22460,2145936,96
2016,6,M,南投縣,便利商店,21858,2481125,114
2016,6,N,彰化縣,便利商店,22904,2460644,107
2016,6,O,新竹市,便利商店,23452,1916413,82
2016,6,P,雲林縣,便利商店,21662,2229521,103
2016,6,Q,嘉義縣,便利商店,21820,2135651,98
2016,6,T,屏東縣,便利商店,25359,2695166,106
2016,6,U,花蓮縣,便利商店,25441,2640385,104
2016,6,V,臺東縣,便利商店,24816,2627293,106
2016,6,W,金門縣,便利商店,29038,3973961,137
2016,6,X,澎湖縣,便利商店,29359,4042345,138
2016,6,Z,連江縣,便利商店,30559,3757401,123
2016,7,A,臺北市,便利商店,29535,2490192,84
2016,7,B,臺中市,便利商店,26347,2581519,98
2016,7,C,基隆市,便利商店,22449,1986681,88
2016,7,D,臺南市,便利商店,26052,2751030,106
2016,7,E,高雄市,便利商店,25577,2476658,97
2016,7,F,新北市,便利商店,24412,2226186,91
2016,7,G,宜蘭縣,便利商店,25268,2469925,98
2016,7,H,桃園市,便利商店,24712,2252938,91
2016,7,I,嘉義市,便利商店,24005,2223418,93
2016,7,J,新竹縣,便利商店,23299,2160473,93
2016,7,K,苗栗縣,便利商店,23415,2303238,98
2016,7,M,南投縣,便利商店,23779,2786119,117
2016,7,N,彰化縣,便利商店,24000,2620854,109
2016,7,O,新竹市,便利商店,23734,1990489,84
2016,7,P,雲林縣,便利商店,22244,2349350,106
2016,7,Q,嘉義縣,便利商店,22698,2304234,102
2016,7,T,屏東縣,便利商店,26484,2919281,110
2016,7,U,花蓮縣,便利商店,26670,2866467,107
2016,7,V,臺東縣,便利商店,28282,3133945,111
2016,7,W,金門縣,便利商店,29677,4040764,136
2016,7,X,澎湖縣,便利商店,29118,4211725,145
2016,7,Z,連江縣,便利商店,31380,3968293,126
2016,8,A,臺北市,便利商店,29591,2473716,84
2016,8,B,臺中市,便利商店,25788,2600320,101
2016,8,C,基隆市,便利商店,21988,1937489,88
2016,8,D,臺南市,便利商店,25288,2658512,105
2016,8,E,高雄市,便利商店,24913,2492837,100
2016,8,F,新北市,便利商店,24171,2186503,90
2016,8,G,宜蘭縣,便利商店,24408,2420540,99
2016,8,H,桃園市,便利商店,24124,2180994,90
2016,8,I,嘉義市,便利商店,23523,2212303,94
2016,8,J,新竹縣,便利商店,23136,2146354,93
2016,8,K,苗栗縣,便利商店,22511,2248307,100
2016,8,M,南投縣,便利商店,22848,2841083,124
2016,8,N,彰化縣,便利商店,23229,2727423,117
2016,8,O,新竹市,便利商店,23342,1934354,83
2016,8,P,雲林縣,便利商店,21623,2390367,111
2016,8,Q,嘉義縣,便利商店,21504,2226077,104
2016,8,T,屏東縣,便利商店,24839,2850469,115
2016,8,U,花蓮縣,便利商店,26308,2979263,113
2016,8,V,臺東縣,便利商店,25725,2919520,113
2016,8,W,金門縣,便利商店,29174,4194824,144
2016,8,X,澎湖縣,便利商店,27086,4215536,156
2016,8,Z,連江縣,便利商店,30963,3980035,129
